marchesini,perez,santini,muzzin,fontana,mous-mar,Mous-per,Mous-san,Mous-muz,Mous-fon
li-drory-march,perez,li-drory-march,li-drory-march,li-drory-march,mous,mous,mous,mous,mous
li-drory-march,perez,li-drory-march,li-drory-march,li-drory-march,mous,mous,mous,mous,mous
li-drory-march,perez,li-drory-march,li-drory-march,li-drory-march,mous,mous,mous,mous,mous
li-drory-march,perez,li-drory-march,li-drory-march,li-drory-march,mous,mous,mous,mous,mous
li-drory-march,perez,li-drory-march,muzzin,li-drory-march,mous,mous,mous,mous,mous
li-drory-march,perez,li-drory-march,muzzin,li-drory-march,mous,mous,mous,mous,mous
li-drory-march,perez,li-drory-march,muzzin,li-drory-march,mous,mous,mous,mous,mous
li-drory-march,perez,li-drory-march,muzzin,fontana,mous,mous,mous,mous,mous
li-drory-march,perez,li-drory-march,muzzin,fontana,mous,mous,mous,mous,mous
li-drory-march,perez,li-drory-march,muzzin,fontana,mous,mous,mous,mous,mous
li-drory-march,perez,santini,muzzin,fontana,mous,mous,mous,mous,mous
li-drory-march,perez,santini,muzzin,fontana,mous,mous,mous,mous,mous
li-drory-march,perez,santini,muzzin,fontana,mous,mous,mous,mous,mous
li-drory-march,perez,santini,muzzin,fontana,mous,mous,mous,mous,mous
li-drory-march,perez,santini,muzzin,fontana,mous,mous,mous,mous,mous
li-drory-march,perez,santini,muzzin,fontana,li-drory-march,perez,santini,muzzin,fontana
li-drory-march,perez,santini,muzzin,fontana,li-drory-march,perez,santini,muzzin,fontana
li-drory-march,perez,santini,muzzin,fontana,li-drory-march,perez,santini,muzzin,fontana
li-drory-march,perez,santini,muzzin,fontana,li-drory-march,perez,santini,muzzin,fontana
li-drory-march,perez,santini,muzzin,fontana,li-drory-march,perez,santini,muzzin,fontana
li-drory-march,perez,santini,muzzin,fontana,li-drory-march,perez,santini,muzzin,fontana
li-drory-march,perez,santini,muzzin,fontana,li-drory-march,perez,santini,muzzin,fontana
li-drory-march,perez,santini,muzzin,fontana,li-drory-march,perez,santini,muzzin,fontana
li-drory-march,perez,santini,muzzin,fontana,li-drory-march,perez,santini,muzzin,fontana
li-drory-march,perez,santini,muzzin,fontana,li-drory-march,perez,santini,muzzin,fontana
li-drory-march,perez,santini,muzzin,fontana,li-drory-march,perez,santini,muzzin,fontana
li-drory-march,perez,santini,muzzin,fontana,li-drory-march,perez,santini,muzzin,fontana
li-drory-march,perez,santini,muzzin,fontana,li-drory-march,perez,santini,muzzin,fontana
li-drory-march,perez,santini,muzzin,fontana,li-drory-march,perez,santini,muzzin,fontana
li-drory-march,perez,santini,muzzin,fontana,li-drory-march,perez,santini,muzzin,fontana
li-drory-march,perez,santini,muzzin,fontana,li-drory-march,perez,santini,muzzin,fontana
li-drory-march,perez,santini,muzzin,fontana,li-drory-march,perez,santini,muzzin,fontana
li-drory-march,li-drory-march,santini,muzzin,fontana,li-drory-march,li-drory-march,santini,muzzin,fontana
li-drory-march,li-drory-march,santini,li-drory-march,li-drory-march,li-drory-march,li-drory-march,santini,li-drory-march,li-drory-march
lee,lee,santini,lee,lee,lee,lee,santini,lee,lee
